time,event_type,description
0.0,SIMULATION_START,"Simulation initialized: 3803 passengers, 108 buses"
300,OPTIMIZER_CALL,"Optimizer: 14 pending minibus passengers, 14 assigned"
600,OPTIMIZER_CALL,"Optimizer: 19 pending minibus passengers, 19 assigned"
900,OPTIMIZER_CALL,"Optimizer: 17 pending minibus passengers, 17 assigned"
1200,OPTIMIZER_CALL,"Optimizer: 12 pending minibus passengers, 12 assigned"
1500,OPTIMIZER_CALL,"Optimizer: 14 pending minibus passengers, 14 assigned"
1800,OPTIMIZER_CALL,"Optimizer: 18 pending minibus passengers, 18 assigned"
2049.0,BUS_ROUTE_COMPLETED,"BUS_6_DIR4_T66329.0 completed route, served 44 passengers"
2100,OPTIMIZER_CALL,"Optimizer: 17 pending minibus passengers, 17 assigned"
2381.0,BUS_ROUTE_COMPLETED,"BUS_6_DIR5_T66326.0 completed route, served 62 passengers"
2400,OPTIMIZER_CALL,"Optimizer: 23 pending minibus passengers, 20 assigned"
2436.0,BUS_ROUTE_COMPLETED,"BUS_2_DIR4_T62521.0 completed route, served 57 passengers"
2617.800022125244,MINIBUS_IDLE,MINIBUS_2 completed route plan at 8589271
2700,OPTIMIZER_CALL,"Optimizer: 18 pending minibus passengers, 18 assigned"
2793.0,BUS_ROUTE_COMPLETED,"BUS_2_DIR3_T62506.0 completed route, served 60 passengers"
2836.0,BUS_ROUTE_COMPLETED,"BUS_2_DIR4_T62529.0 completed route, served 22 passengers"
2974.0,BUS_ROUTE_COMPLETED,"BUS_6_DIR4_T66337.0 completed route, served 34 passengers"
2995.199981689453,MINIBUS_IDLE,MINIBUS_2 completed route plan at 8577786
3000,OPTIMIZER_CALL,"Optimizer: 18 pending minibus passengers, 18 assigned"
3277.0,BUS_ROUTE_COMPLETED,"BUS_6_DIR5_T66334.0 completed route, served 14 passengers"
3300,OPTIMIZER_CALL,"Optimizer: 15 pending minibus passengers, 15 assigned"
3387.0,BUS_ROUTE_COMPLETED,"BUS_2_DIR3_T62512.0 completed route, served 18 passengers"
3550.0,BUS_ROUTE_COMPLETED,"BUS_2_DIR4_T62535.0 completed route, served 38 passengers"
3600,OPTIMIZER_CALL,"Optimizer: 16 pending minibus passengers, 16 assigned"
3807.0,BUS_ROUTE_COMPLETED,"BUS_2_DIR4_T62543.0 completed route, served 16 passengers"
3900,OPTIMIZER_CALL,"Optimizer: 16 pending minibus passengers, 16 assigned"
4006.0,BUS_ROUTE_COMPLETED,"BUS_2_DIR3_T62522.0 completed route, served 15 passengers"
4025.0,BUS_ROUTE_COMPLETED,"BUS_6_DIR5_T66342.0 completed route, served 18 passengers"
4100.0,BUS_ROUTE_COMPLETED,"BUS_6_DIR4_T66345.0 completed route, served 20 passengers"
4200,OPTIMIZER_CALL,"Optimizer: 16 pending minibus passengers, 16 assigned"
4207.0,BUS_ROUTE_COMPLETED,"BUS_2_DIR3_T62526.0 completed route, served 14 passengers"
4411.0,BUS_ROUTE_COMPLETED,"BUS_2_DIR4_T62547.0 completed route, served 34 passengers"
4480.200004577637,MINIBUS_IDLE,MINIBUS_2 completed route plan at 8589158
4500,OPTIMIZER_CALL,"Optimizer: 16 pending minibus passengers, 16 assigned"
4550.0,BUS_ROUTE_COMPLETED,"BUS_2_DIR3_T62534.0 completed route, served 15 passengers"
4794.0,BUS_ROUTE_COMPLETED,"BUS_6_DIR4_T66353.0 completed route, served 29 passengers"
4800,OPTIMIZER_CALL,"Optimizer: 16 pending minibus passengers, 16 assigned"
4983.0,BUS_ROUTE_COMPLETED,"BUS_2_DIR4_T62561.0 completed route, served 35 passengers"
5100,OPTIMIZER_CALL,"Optimizer: 12 pending minibus passengers, 12 assigned"
5258.400039672852,MINIBUS_IDLE,MINIBUS_1 completed route plan at 8592374
5268.0,BUS_ROUTE_COMPLETED,"BUS_2_DIR3_T62540.0 completed route, served 15 passengers"
5400,OPTIMIZER_CALL,"Optimizer: 23 pending minibus passengers, 20 assigned"
5531.4000244140625,MINIBUS_IDLE,MINIBUS_2 completed route plan at 8589271
5690.0,BUS_ROUTE_COMPLETED,"BUS_2_DIR4_T62569.0 completed route, served 50 passengers"
5690.999950408936,MINIBUS_IDLE,MINIBUS_1 completed route plan at 8589141
5700,OPTIMIZER_CALL,"Optimizer: 23 pending minibus passengers, 20 assigned"
5756.0,BUS_ROUTE_COMPLETED,"BUS_2_DIR3_T62548.0 completed route, served 27 passengers"
5801.0,BUS_ROUTE_COMPLETED,"BUS_6_DIR4_T66361.0 completed route, served 31 passengers"
5813.0,BUS_ROUTE_COMPLETED,"BUS_2_DIR3_T62552.0 completed route, served 15 passengers"
5893.199996948242,MINIBUS_IDLE,MINIBUS_2 completed route plan at 8592374
5928.0,BUS_ROUTE_COMPLETED,"BUS_6_DIR5_T66358.0 completed route, served 30 passengers"
5934.0,MINIBUS_IDLE,MINIBUS_1 completed route plan at 8589130
6000,OPTIMIZER_CALL,"Optimizer: 23 pending minibus passengers, 20 assigned"
6187.0,BUS_ROUTE_COMPLETED,"BUS_2_DIR4_T62573.0 completed route, served 24 passengers"
6280.799987792969,MINIBUS_IDLE,MINIBUS_1 completed route plan at 8589130
6300,OPTIMIZER_CALL,"Optimizer: 19 pending minibus passengers, 19 assigned"
6470.0,BUS_ROUTE_COMPLETED,"BUS_2_DIR4_T62581.0 completed route, served 18 passengers"
6600,OPTIMIZER_CALL,"Optimizer: 19 pending minibus passengers, 19 assigned"
6628.0,BUS_ROUTE_COMPLETED,"BUS_2_DIR3_T62566.0 completed route, served 26 passengers"
6716.0,BUS_ROUTE_COMPLETED,"BUS_6_DIR4_T66369.0 completed route, served 20 passengers"
6819.0,BUS_ROUTE_COMPLETED,"BUS_6_DIR5_T66366.0 completed route, served 10 passengers"
6900,OPTIMIZER_CALL,"Optimizer: 12 pending minibus passengers, 12 assigned"
7072.0,BUS_ROUTE_COMPLETED,"BUS_2_DIR4_T62587.0 completed route, served 29 passengers"
7200,OPTIMIZER_CALL,"Optimizer: 21 pending minibus passengers, 20 assigned"
7272.000026702881,MINIBUS_IDLE,MINIBUS_1 completed route plan at 8589158
7323.0,BUS_ROUTE_COMPLETED,"BUS_2_DIR4_T62595.0 completed route, served 21 passengers"
7449.0,BUS_ROUTE_COMPLETED,"BUS_2_DIR3_T62574.0 completed route, served 27 passengers"
7500,OPTIMIZER_CALL,"Optimizer: 23 pending minibus passengers, 20 assigned"
7531.0,BUS_ROUTE_COMPLETED,"BUS_6_DIR4_T66377.0 completed route, served 17 passengers"
7800,OPTIMIZER_CALL,"Optimizer: 23 pending minibus passengers, 20 assigned"
7907.0,BUS_ROUTE_COMPLETED,"BUS_6_DIR5_T66374.0 completed route, served 24 passengers"
7974.0,BUS_ROUTE_COMPLETED,"BUS_2_DIR3_T62578.0 completed route, served 20 passengers"
8100,OPTIMIZER_CALL,"Optimizer: 23 pending minibus passengers, 20 assigned"
8335.0,BUS_ROUTE_COMPLETED,"BUS_2_DIR4_T62607.0 completed route, served 54 passengers"
8400,OPTIMIZER_CALL,"Optimizer: 24 pending minibus passengers, 20 assigned"
8449.0,BUS_ROUTE_COMPLETED,"BUS_6_DIR4_T66385.0 completed route, served 21 passengers"
8558.0,BUS_ROUTE_COMPLETED,"BUS_2_DIR3_T62586.0 completed route, served 2 passengers"
8700,OPTIMIZER_CALL,"Optimizer: 21 pending minibus passengers, 20 assigned"
8944.0,BUS_ROUTE_COMPLETED,"BUS_2_DIR3_T62592.0 completed route, served 27 passengers"
8947.799987792969,MINIBUS_IDLE,MINIBUS_2 completed route plan at 8589271
9000,OPTIMIZER_CALL,"Optimizer: 19 pending minibus passengers, 19 assigned"
9146.400024414062,MINIBUS_IDLE,MINIBUS_2 completed route plan at 8589271
9290.0,BUS_ROUTE_COMPLETED,"BUS_2_DIR3_T62600.0 completed route, served 26 passengers"
9300,OPTIMIZER_CALL,"Optimizer: 23 pending minibus passengers, 20 assigned"
9310.0,BUS_ROUTE_COMPLETED,"BUS_2_DIR4_T62621.0 completed route, served 55 passengers"
9530.0,BUS_ROUTE_COMPLETED,"BUS_6_DIR4_T66393.0 completed route, served 36 passengers"
9581.0,BUS_ROUTE_COMPLETED,"BUS_2_DIR4_T62625.0 completed route, served 22 passengers"
9600,OPTIMIZER_CALL,"Optimizer: 22 pending minibus passengers, 20 assigned"
9641.0,BUS_ROUTE_COMPLETED,"BUS_6_DIR5_T66390.0 completed route, served 33 passengers"
9900,OPTIMIZER_CALL,"Optimizer: 27 pending minibus passengers, 20 assigned"
10200,OPTIMIZER_CALL,"Optimizer: 30 pending minibus passengers, 20 assigned"
10206.0,BUS_ROUTE_COMPLETED,"BUS_2_DIR3_T62612.0 completed route, served 32 passengers"
10228.200012207031,MINIBUS_IDLE,MINIBUS_1 completed route plan at 8589271
10269.0,BUS_ROUTE_COMPLETED,"BUS_2_DIR4_T62633.0 completed route, served 39 passengers"
10288.0,BUS_ROUTE_COMPLETED,"BUS_6_DIR4_T66401.0 completed route, served 19 passengers"
10500,OPTIMIZER_CALL,"Optimizer: 35 pending minibus passengers, 20 assigned"
10511.0,BUS_ROUTE_COMPLETED,"BUS_2_DIR4_T62639.0 completed route, served 24 passengers"
10626.0,BUS_ROUTE_COMPLETED,"BUS_6_DIR5_T66398.0 completed route, served 27 passengers"
10726.0,BUS_ROUTE_COMPLETED,"BUS_2_DIR3_T62626.0 completed route, served 18 passengers"
10800,OPTIMIZER_CALL,"Optimizer: 32 pending minibus passengers, 20 assigned"
10930.0,BUS_ROUTE_COMPLETED,"BUS_2_DIR4_T62653.0 completed route, served 26 passengers"
11100,OPTIMIZER_CALL,"Optimizer: 31 pending minibus passengers, 20 assigned"
11285.0,BUS_ROUTE_COMPLETED,"BUS_6_DIR4_T66409.0 completed route, served 22 passengers"
11378.0,BUS_ROUTE_COMPLETED,"BUS_2_DIR3_T62630.0 completed route, served 28 passengers"
11400,OPTIMIZER_CALL,"Optimizer: 30 pending minibus passengers, 20 assigned"
11421.0,BUS_ROUTE_COMPLETED,"BUS_6_DIR5_T66406.0 completed route, served 15 passengers"
11581.0,BUS_ROUTE_COMPLETED,"BUS_2_DIR4_T62657.0 completed route, served 28 passengers"
11700,OPTIMIZER_CALL,"Optimizer: 30 pending minibus passengers, 20 assigned"
12000,OPTIMIZER_CALL,"Optimizer: 37 pending minibus passengers, 20 assigned"
12019.0,BUS_ROUTE_COMPLETED,"BUS_6_DIR4_T66417.0 completed route, served 38 passengers"
12131.0,BUS_ROUTE_COMPLETED,"BUS_2_DIR3_T62638.0 completed route, served 11 passengers"
12149.0,BUS_ROUTE_COMPLETED,"BUS_2_DIR4_T62665.0 completed route, served 23 passengers"
12300,OPTIMIZER_CALL,"Optimizer: 35 pending minibus passengers, 20 assigned"
12304.0,BUS_ROUTE_COMPLETED,"BUS_2_DIR3_T62644.0 completed route, served 21 passengers"
12313.0,BUS_ROUTE_COMPLETED,"BUS_2_DIR4_T62671.0 completed route, served 23 passengers"
12600,OPTIMIZER_CALL,"Optimizer: 36 pending minibus passengers, 20 assigned"
12693.0,BUS_ROUTE_COMPLETED,"BUS_2_DIR4_T62685.0 completed route, served 2 passengers"
12712.800018310547,MINIBUS_IDLE,MINIBUS_2 completed route plan at 8589271
12900,OPTIMIZER_CALL,"Optimizer: 32 pending minibus passengers, 20 assigned"
12915.0,BUS_ROUTE_COMPLETED,"BUS_2_DIR3_T62652.0 completed route, served 30 passengers"
12976.0,BUS_ROUTE_COMPLETED,"BUS_6_DIR4_T66425.0 completed route, served 39 passengers"
13200,OPTIMIZER_CALL,"Optimizer: 36 pending minibus passengers, 20 assigned"
13269.0,BUS_ROUTE_COMPLETED,"BUS_2_DIR4_T62683.0 completed route, served 63 passengers"
13389.0,BUS_ROUTE_COMPLETED,"BUS_6_DIR5_T66422.0 completed route, served 20 passengers"
13457.0,BUS_ROUTE_COMPLETED,"BUS_2_DIR3_T62656.0 completed route, served 20 passengers"
13500,OPTIMIZER_CALL,"Optimizer: 32 pending minibus passengers, 20 assigned"
13800,OPTIMIZER_CALL,"Optimizer: 39 pending minibus passengers, 20 assigned"
13858.0,BUS_ROUTE_COMPLETED,"BUS_6_DIR4_T66433.0 completed route, served 30 passengers"
13928.0,BUS_ROUTE_COMPLETED,"BUS_6_DIR5_T66430.0 completed route, served 22 passengers"
13947.0,BUS_ROUTE_COMPLETED,"BUS_2_DIR3_T62664.0 completed route, served 37 passengers"
14065.0,BUS_ROUTE_COMPLETED,"BUS_2_DIR4_T62693.0 completed route, served 34 passengers"
14100,OPTIMIZER_CALL,"Optimizer: 41 pending minibus passengers, 20 assigned"
14400,OPTIMIZER_CALL,"Optimizer: 41 pending minibus passengers, 20 assigned"
14442.0,BUS_ROUTE_COMPLETED,"BUS_2_DIR3_T62676.0 completed route, served 26 passengers"
14532.0,BUS_ROUTE_COMPLETED,"BUS_2_DIR4_T62701.0 completed route, served 36 passengers"
14700,OPTIMIZER_CALL,"Optimizer: 46 pending minibus passengers, 20 assigned"
14914.0,BUS_ROUTE_COMPLETED,"BUS_6_DIR4_T66441.0 completed route, served 40 passengers"
14952.0,BUS_ROUTE_COMPLETED,"BUS_2_DIR4_T62709.0 completed route, served 22 passengers"
15000,OPTIMIZER_CALL,"Optimizer: 41 pending minibus passengers, 20 assigned"
15011.0,BUS_ROUTE_COMPLETED,"BUS_6_DIR5_T66438.0 completed route, served 36 passengers"
15300,OPTIMIZER_CALL,"Optimizer: 33 pending minibus passengers, 20 assigned"
15600,OPTIMIZER_CALL,"Optimizer: 30 pending minibus passengers, 20 assigned"
15611.0,BUS_ROUTE_COMPLETED,"BUS_6_DIR4_T66449.0 completed route, served 28 passengers"
15661.0,BUS_ROUTE_COMPLETED,"BUS_2_DIR3_T62690.0 completed route, served 47 passengers"
15846.0,BUS_ROUTE_COMPLETED,"BUS_6_DIR5_T66446.0 completed route, served 24 passengers"
15900,OPTIMIZER_CALL,"Optimizer: 38 pending minibus passengers, 20 assigned"
16200,OPTIMIZER_CALL,"Optimizer: 33 pending minibus passengers, 20 assigned"
16301.0,BUS_ROUTE_COMPLETED,"BUS_2_DIR3_T62702.0 completed route, served 19 passengers"
16488.0,BUS_ROUTE_COMPLETED,"BUS_2_DIR4_T62731.0 completed route, served 83 passengers"
16500,OPTIMIZER_CALL,"Optimizer: 30 pending minibus passengers, 20 assigned"
16505.0,BUS_ROUTE_COMPLETED,"BUS_6_DIR4_T66457.0 completed route, served 20 passengers"
16763.0,BUS_ROUTE_COMPLETED,"BUS_2_DIR4_T62737.0 completed route, served 23 passengers"
16773.599975585938,MINIBUS_IDLE,MINIBUS_2 completed route plan at 8589271
16791.0,BUS_ROUTE_COMPLETED,"BUS_6_DIR5_T66454.0 completed route, served 20 passengers"
16800,OPTIMIZER_CALL,"Optimizer: 32 pending minibus passengers, 20 assigned"
17029.0,BUS_ROUTE_COMPLETED,"BUS_2_DIR4_T62743.0 completed route, served 0 passengers"
17080.0,BUS_ROUTE_COMPLETED,"BUS_2_DIR3_T62710.0 completed route, served 21 passengers"
17100,OPTIMIZER_CALL,"Optimizer: 33 pending minibus passengers, 20 assigned"
17230.79999923706,MINIBUS_IDLE,MINIBUS_2 completed route plan at 8589141
17302.0,BUS_ROUTE_COMPLETED,"BUS_2_DIR3_T62716.0 completed route, served 12 passengers"
17400,OPTIMIZER_CALL,"Optimizer: 30 pending minibus passengers, 20 assigned"
17547.0,BUS_ROUTE_COMPLETED,"BUS_6_DIR5_T66462.0 completed route, served 12 passengers"
17607.0,BUS_ROUTE_COMPLETED,"BUS_6_DIR4_T66465.0 completed route, served 31 passengers"
17632.0,BUS_ROUTE_COMPLETED,"BUS_2_DIR4_T62747.0 completed route, served 43 passengers"
17700,OPTIMIZER_CALL,"Optimizer: 27 pending minibus passengers, 20 assigned"
18000,OPTIMIZER_CALL,"Optimizer: 32 pending minibus passengers, 20 assigned"
18038.0,BUS_ROUTE_COMPLETED,"BUS_2_DIR3_T62726.0 completed route, served 26 passengers"
18087.0,BUS_ROUTE_COMPLETED,"BUS_2_DIR4_T62757.0 completed route, served 18 passengers"
18265.0,BUS_ROUTE_COMPLETED,"BUS_6_DIR4_T66473.0 completed route, served 25 passengers"
18286.79997253418,MINIBUS_IDLE,MINIBUS_1 completed route plan at 8589271
18300,OPTIMIZER_CALL,"Optimizer: 12 pending minibus passengers, 12 assigned"
18409.79999923706,MINIBUS_IDLE,MINIBUS_1 completed route plan at 8589158
18533.0,BUS_ROUTE_COMPLETED,"BUS_6_DIR5_T66470.0 completed route, served 16 passengers"
18600,OPTIMIZER_CALL,"Optimizer: 0 pending minibus passengers, 0 assigned"
18767.0,BUS_ROUTE_COMPLETED,"BUS_2_DIR4_T62763.0 completed route, served 41 passengers"
18796.0,BUS_ROUTE_COMPLETED,"BUS_2_DIR3_T62734.0 completed route, served 29 passengers"
18900,OPTIMIZER_CALL,"Optimizer: 0 pending minibus passengers, 0 assigned"
18945.0,BUS_ROUTE_COMPLETED,"BUS_2_DIR4_T62775.0 completed route, served 0 passengers"
19200,OPTIMIZER_CALL,"Optimizer: 0 pending minibus passengers, 0 assigned"
19250.0,BUS_ROUTE_COMPLETED,"BUS_6_DIR4_T66481.0 completed route, served 15 passengers"
19442.0,BUS_ROUTE_COMPLETED,"BUS_6_DIR5_T66478.0 completed route, served 3 passengers"
19500,OPTIMIZER_CALL,"Optimizer: 0 pending minibus passengers, 0 assigned"
19602.0,BUS_ROUTE_COMPLETED,"BUS_2_DIR3_T62744.0 completed route, served 14 passengers"
19620.0,MINIBUS_IDLE,MINIBUS_2 completed route plan at 8589130
19626.0,BUS_ROUTE_COMPLETED,"BUS_2_DIR4_T62777.0 completed route, served 17 passengers"
19800,OPTIMIZER_CALL,"Optimizer: 0 pending minibus passengers, 0 assigned"
20100,OPTIMIZER_CALL,"Optimizer: 0 pending minibus passengers, 0 assigned"
20127.0,BUS_ROUTE_COMPLETED,"BUS_6_DIR4_T66489.0 completed route, served 5 passengers"
20354.0,BUS_ROUTE_COMPLETED,"BUS_6_DIR5_T66486.0 completed route, served 0 passengers"
20400,OPTIMIZER_CALL,"Optimizer: 0 pending minibus passengers, 0 assigned"
20505.0,BUS_ROUTE_COMPLETED,"BUS_2_DIR3_T62754.0 completed route, served 0 passengers"
20547.0,BUS_ROUTE_COMPLETED,"BUS_2_DIR4_T62785.0 completed route, served 0 passengers"
20700,OPTIMIZER_CALL,"Optimizer: 0 pending minibus passengers, 0 assigned"
21000,OPTIMIZER_CALL,"Optimizer: 0 pending minibus passengers, 0 assigned"
21049.0,BUS_ROUTE_COMPLETED,"BUS_6_DIR4_T66497.0 completed route, served 0 passengers"
21273.0,BUS_ROUTE_COMPLETED,"BUS_6_DIR5_T66494.0 completed route, served 0 passengers"
21300,OPTIMIZER_CALL,"Optimizer: 0 pending minibus passengers, 0 assigned"
21459.0,BUS_ROUTE_COMPLETED,"BUS_2_DIR4_T62793.0 completed route, served 0 passengers"
21464.0,BUS_ROUTE_COMPLETED,"BUS_2_DIR3_T62764.0 completed route, served 0 passengers"
21600.0,SIMULATION_END,"Simulation completed: 3803 arrived, 0 abandoned out of 3803 total passengers"
